Index,Beta,Temperature
0,5.0,0.2
1,1.7857142857142856,0.56
2,1.0869565217391306,0.9199999999999999
3,0.78125,1.28
4,0.6097560975609756,1.64
5,0.5,2.0
