Index,Beta,Temperature
0,10.0,0.1
1,2.0833333333333335,0.48
2,1.1627906976744187,0.86
3,0.8064516129032256,1.2400000000000002
4,0.6172839506172839,1.62
5,0.5,2.0
